<?xml version="1.0" encoding="UTF-8"?>
<!DOCTYPE hibernate-configuration PUBLIC "-//Hibernate/Hibernate Configuration DTD 3.0//EN"
                                         "http://hibernate.sourceforge.net/hibernate-configuration-3.0.dtd">
<hibernate-configuration>
	<session-factory name="">
		<property name="hibernate.connection.driver_class">com.mysql.jdbc.Driver</property>
		<property name="hibernate.connection.url">jdbc:mysql://localhost/surecYonetimi?autoReconnect=true&amp;useUnicode=true&amp;createDatabaseIfNotExist=true&amp;characterEncoding=utf8</property>
		<property name="hibernate.connection.username">root</property>
		<property name="hibernate.dialect">org.hibernate.dialect.MySQLDialect</property>
		<property name="hibernate.connection.CharSet">utf8</property>
		<property name="hibernate.connection.characterEncoding">utf8</property>
		<property name="hibernate.connection.useUnicode">true</property>
		<property name="hbm2ddl.auto">update</property>

		<mapping class="com.surecyonetimi.pojo.IsGruplari" />
		<mapping class="com.surecyonetimi.pojo.IsGruplariAtama" />
		<mapping class="com.surecyonetimi.pojo.IsSureci" />
		<mapping class="com.surecyonetimi.pojo.Kullanici" />
		<mapping class="com.surecyonetimi.pojo.SurecMesajlari" />
	</session-factory>
</hibernate-configuration>
